-- INSERT INTO ADDRESS (id, address_line1, address_line2, city, postal_code)
-- VALUES (1, 'ul. Zielona 10', 'apt. 8', 'Warszawa', '00-123'),
--        (2, 'ul. Czarnoleska 5', NULL, 'Kraków', '31-002'),
--        (3, 'ul. Łąkowa 12', NULL, 'Gdańsk', '80-987'),
--        (4, 'ul. Wodna 8', NULL, 'Gdynia', '81-456'),
--        (5, 'ul. Szeroka 15', NULL, 'Poznań', '61-789'),
--        (6, 'ul. Biała 18', 'apt. 4', 'Wrocław', '50-234'),
--        (7, 'ul. Słoneczna 3', NULL, 'Katowice', '40-654'),
--        (8, 'ul. Jesienna 22', NULL, 'Łódź', '90-111'),
--        (9, 'ul. Wiosenna 17', NULL, 'Szczecin', '70-222'),
--        (10, 'ul. Parkowa 19', NULL, 'Gdynia', '81-321'),
--        (11, 'ul. Jesionowa 6', 'apt. 1', 'Poznań', '61-654'),
--        (12, 'ul. Morska 13', NULL, 'Warszawa', '01-456'),
--        (13, 'ul. Lipowa 4', NULL, 'Kraków', '30-555'),
--        (14, 'ul. Leśna 9', NULL, 'Gdańsk', '80-444'),
--        (15, 'ul. Plażowa 20', NULL, 'Szczecin', '70-789'),
--        (16, 'ul. Żeglarska 23', 'apt. 7', 'Katowice', '40-987'),
--        (17, 'ul. Piaskowa 14', NULL, 'Łódź', '90-432'),
--        (18, 'ul. Tęczowa 11', NULL, 'Wrocław', '50-789'),
--        (19, 'ul. Górnicza 16', NULL, 'Poznań', '61-222'),
--        (20, 'ul. Polna 7', NULL, 'Gdynia', '81-876'),
--        (21, 'ul. Tatrzańska 45', 'apt. 2', 'Zakopane', '34-500'),
--        (22, 'ul. Zielona Dolina 4', NULL, 'Kielce', '25-500'),
--        (23, 'ul. Górska 8', NULL, 'Rzeszów', '35-001'),
--        (24, 'ul. Widokowa 6', NULL, 'Lublin', '20-123'),
--        (25, 'ul. Spacerowa 12', 'apt. 5', 'Białystok', '15-666'),
--        (26, 'ul. Miodowa 7', 'apt. 3', 'Warszawa', '00-789'),
--        (27, 'ul. Poziomkowa 1', NULL, 'Katowice', '40-222'),
--        (28, 'ul. Bałtycka 10', NULL, 'Gdańsk', '80-321'),
--        (29, 'ul. Nadmorska 2', NULL, 'Gdynia', '81-222'),
--        (30, 'ul. Łąkowa 11', NULL, 'Poznań', '61-999');
--
-- INSERT INTO DOCTOR (id, first_name, last_name, telephone_number, email, doctor_number, specialization)
-- VALUES (1, 'Tomasz', 'Nowak', '123456123', 'tomasz.nowak@example.com', 'D321', 'GP'),
--        (2, 'Ewa', 'Wiśniewska', '987654987', 'ewa.wisniewska@example.com', 'A654', 'DERMATOLOGIST'),
--        (3, 'Paweł', 'Kwiatkowski', '111333111', 'pawel.kwiatkowski@example.com', 'M987', 'SURGEON'),
--        (4, 'Magdalena', 'Kowalczyk', '222333222', 'magdalena.kowalczyk@example.com', 'K210', 'GP'),
--        (5, 'Krzysztof', 'Lewandowski', '333444333', 'krzysztof.lewandowski@example.com', 'M543', 'DERMATOLOGIST'),
--        (6, 'Katarzyna', 'Lis', '444555444', 'katarzyna.lis@example.com', 'K876', 'OCULIST'),
--        (7, 'Marek', 'Zając', '555666555', 'marek.zajac@example.com', 'P109', 'SURGEON'),
--        (8, 'Agnieszka', 'Kowal', '666777666', 'agnieszka.kowal@example.com', 'A432', 'GP'),
--        (9, 'Grzegorz', 'Krawczyk', '777888777', 'grzegorz.krawczyk@example.com', 'T765', 'DERMATOLOGIST'),
--        (10, 'Joanna', 'Mazurek', '888999888', 'joanna.mazurek@example.com', 'A098', 'OCULIST'),
--        (11, 'Robert', 'Piotrowski', '999000999', 'robert.piotrowski@example.com', 'M321', 'SURGEON'),
--        (12, 'Kamila', 'Witkowska', '123789123', 'kamila.witkowska@example.com', 'K876', 'GP'),
--        (13, 'Rafał', 'Kaczmarek', '987123987', 'rafal.kaczmarek@example.com', 'R432', 'DERMATOLOGIST'),
--        (14, 'Martyna', 'Wójcik', '555111555', 'martyna.wojcik@example.com', 'M654', 'OCULIST'),
--        (15, 'Jakub', 'Nowicki', '111888111', 'jakub.nowicki@example.com', 'J987', 'SURGEON'),
--        (16, 'Natalia', 'Duda', '444000444', 'natalia.duda@example.com', 'N543', 'GP'),
--        (17, 'Paweł', 'Lewandowski', '777999777', 'pawel.lewandowski@example.com', 'P876', 'DERMATOLOGIST'),
--        (18, 'Monika', 'Kowal', '123123456', 'monika.kowal@example.com', 'M321', 'OCULIST'),
--        (19, 'Adam', 'Wojciechowski', '456789456', 'adam.wojciechowski@example.com', 'A654', 'SURGEON'),
--        (20, 'Julia', 'Zając', '789123789', 'julia.zajac@example.com', 'J987', 'GP'),
--        (21, 'Anna', 'Dąbrowska', '123123123', 'anna.dabrowska@example.com', 'D111', 'GP'),
--        (22, 'Jacek', 'Wiśniewski', '456456456', 'jacek.wisniewski@example.com', 'A222', 'DERMATOLOGIST'),
--        (23, 'Barbara', 'Kowalska', '789789789', 'barbara.kowalska@example.com', 'M333', 'SURGEON'),
--        (24, 'Piotr', 'Nowicki', '321321321', 'piotr.nowicki@example.com', 'K444', 'GP'),
--        (25, 'Joanna', 'Zielińska', '654654654', 'joanna.zielinska@example.com', 'M555', 'DERMATOLOGIST'),
--        (26, 'Grzegorz', 'Kamiński', '987987987', 'grzegorz.kaminski@example.com', 'K666', 'OCULIST'),
--        (27, 'Maria', 'Wiśniewska', '159159159', 'maria.wisniewska@example.com', 'P777', 'SURGEON'),
--        (28, 'Tomasz', 'Wójcik', '753753753', 'tomasz.wojcik@example.com', 'A888', 'GP'),
--        (29, 'Elżbieta', 'Kowal', '951951951', 'elzbieta.kowal@example.com', 'T999', 'DERMATOLOGIST'),
--        (30, 'Katarzyna', 'Lewandowska', '852852852', 'katarzyna.lewandowska@example.com', 'A000', 'OCULIST');
-- INSERT INTO PATIENT (id, first_name, last_name, telephone_number, email, patient_number, date_of_birth, has_insurance)
-- VALUES (1, 'Piotr', 'Nowak', '111222444', 'piotr.nowak@example.com', 'P321', '1985-05-15', true),
--        (2, 'Alicja', 'Kowalska', '444555777', 'alicja.kowalska@example.com', 'A654', '1990-12-20', false),
--        (3, 'Katarzyna', 'Wiśniewska', '777888999', 'katarzyna.wisniewska@example.com', 'K987', '1976-03-30', true),
--        (4, 'Robert', 'Wójcik', '333222444', 'robert.wojcik@example.com', 'R210', '1980-09-25', false),
--        (5, 'Magdalena', 'Zając', '999888111', 'magdalena.zajac@example.com', 'M543', '1995-07-17', true),
--        (6, 'Paweł', 'Nowicki', '555444666', 'pawel.nowicki@example.com', 'P876', '1982-11-10', false),
--        (7, 'Monika', 'Duda', '333555999', 'monika.duda@example.com', 'M109', '1987-04-20', true),
--        (8, 'Jakub', 'Piotrowski', '222333777', 'jakub.piotrowski@example.com', 'J432', '1992-01-25', false),
--        (9, 'Anna', 'Lewandowska', '444555888', 'anna.lewandowska@example.com', 'A765', '1988-06-27', true),
--        (10, 'Piotr', 'Mazur', '777888000', 'piotr.mazur@example.com', 'P098', '1997-08-23', false),
--        (11, 'Karolina', 'Nowak', '111222555', 'karolina.nowak@example.com', 'K321', '1984-10-10', true),
--        (12, 'Michał', 'Kwiatkowski', '999888444', 'michal.kwiatkowski@example.com', 'M654', '1979-02-17', false),
--        (13, 'Natalia', 'Lis', '555666888', 'natalia.lis@example.com', 'N987', '1986-07-10', true),
--        (14, 'Kamil', 'Dąbrowski', '777666333', 'kamil.dabrowski@example.com', 'K210', '1990-09-20', false),
--        (15, 'Monika', 'Kaczmarek', '222333666', 'monika.kaczmarek@example.com', 'M543', '1983-12-20', true),
--        (16, 'Tomasz', 'Wojciechowski', '444555777', 'tomasz.wojciechowski@example.com', 'T876', '1981-05-12', true),
--        (17, 'Ewa', 'Kowalczyk', '111444222', 'ewa.kowalczyk@example.com', 'E321', '1978-11-30', false),
--        (18, 'Grzegorz', 'Witkowski', '333666111', 'grzegorz.witkowski@example.com', 'G654', '1983-08-05', true),
--        (19, 'Agnieszka', 'Piotrowska', '555111999', 'agnieszka.piotrowska@example.com', 'A987', '1991-01-11', false),
--        (20, 'Tomasz', 'Zieliński', '777888111', 'tomasz.zielinski@example.com', 'T543', '1986-03-27', true),
--        (21, 'Marcin', 'Kowalski', '555000555', 'marcin.kowalski@example.com', 'M321', '1990-04-14', true),
--        (22, 'Beata', 'Kamińska', '666111666', 'beata.kaminska@example.com', 'B654', '1987-02-22', false),
--        (23, 'Tadeusz', 'Wojciechowski', '777222777', 'tadeusz.wojciechowski@example.com', 'T987', '1965-11-11', true),
--        (24, 'Aneta', 'Lis', '888333888', 'aneta.lis@example.com', 'A210', '1992-05-20', false),
--        (25, 'Szymon', 'Duda', '999444999', 'szymon.duda@example.com', 'S543', '1981-08-17', true),
--        (26, 'Irena', 'Zając', '111555111', 'irena.zajac@example.com', 'I876', '1979-03-25', false),
--        (27, 'Radosław', 'Witkowski', '222666222', 'radoslaw.witkowski@example.com', 'R109', '1985-07-30', true),
--        (28, 'Lidia', 'Kwiatkowska', '333777333', 'lidia.kwiatkowska@example.com', 'L432', '1991-09-19', false),
--        (29, 'Rafał', 'Mazur', '444888444', 'rafal.mazur@example.com', 'R765', '1989-06-14', true),
--        (30, 'Ewelina', 'Lewandowska', '555999555', 'ewelina.lewandowska@example.com', 'E098', '1995-11-23', false);
--
-- -- Adding visits
-- -- Visits for patient 1
-- INSERT INTO VISIT (id, description, time, PATIENT_ID, DOCTOR_ID)
-- VALUES
--     (1, 'Badanie kontrolne', '2024-03-14 10:00:00', 1, 1),
--     (3, 'Badanie USG jamy brzusznej', '2024-03-16 09:00:00', 1, 4),
--     (5, 'Badanie USG serca', '2024-03-18 11:00:00', 1, 3),
--     (7, 'RTG klatki piersiowej', '2024-03-20 13:30:00', 1, 2),
--     (9, 'Badanie EKG', '2024-03-22 15:45:00', 1, 5);
--
-- -- Visits for patient 2
-- INSERT INTO VISIT (id, description, time, PATIENT_ID, DOCTOR_ID)
-- VALUES
--     (2, 'Szczepienie', '2024-03-15 14:30:00', 2, 6),
--     (4, 'Badanie EKG z wysiłkiem', '2024-03-17 08:30:00', 2, 7),
--     (6, 'Badanie USG tarczycy', '2024-03-19 10:45:00', 2, 8),
--     (8, 'RTG zęba', '2024-03-21 12:15:00', 2, 9),
--     (10, 'Badanie EKG 24-godzinne', '2024-03-23 16:00:00', 2, 10);
--
-- -- Visits for patient 1 (continued)
-- INSERT INTO VISIT (id, description, time, PATIENT_ID, DOCTOR_ID)
-- VALUES
--     (11, 'Wizyta kontrolna', '2024-03-25 09:30:00', 1, 11),
--     (13, 'Badanie USG nerek', '2024-03-27 11:15:00', 1, 12),
--     (15, 'Badanie EKG z wysiłkiem', '2024-03-29 14:00:00', 1, 13),
--     (17, 'Badanie krwi', '2024-03-31 16:45:00', 1, 14),
--     (19, 'Badanie USG stawów', '2024-04-02 10:30:00', 1, 15),
--     (21, 'Kontrola po leczeniu', '2024-04-05 10:00:00', 1, 3),
--     (23, 'Konsultacja dermatologiczna', '2024-04-07 09:30:00', 1, 5),
--     (25, 'Badanie okulistyczne', '2024-04-09 11:15:00', 1, 6),
--     (27, 'Badanie kontrolne', '2024-04-11 14:45:00', 1, 7),
--     (29, 'USG jamy brzusznej', '2024-04-13 13:30:00', 1, 9);
--
-- -- Visits for patient 2 (continued)
-- INSERT INTO VISIT (id, description, time, PATIENT_ID, DOCTOR_ID)
-- VALUES
--     (12, 'Badanie EKG', '2024-03-26 08:00:00', 2, 16),
--     (14, 'Badanie USG tarczycy', '2024-03-28 10:00:00', 2, 17),
--     (16, 'RTG klatki piersiowej', '2024-03-30 12:30:00', 2, 18),
--     (18, 'Badanie kontrolne', '2024-04-01 15:00:00', 2, 19),
--     (20, 'Szczepienie przeciw grypie', '2024-04-03 17:15:00', 2, 20),
--     (22, 'Wizyta kontrolna', '2024-04-06 12:00:00', 2, 8),
--     (24, 'Konsultacja chirurgiczna', '2024-04-08 08:30:00', 2, 10),
--     (26, 'Badanie dermatologiczne', '2024-04-10 10:00:00', 2, 12),
--     (28, 'RTG klatki piersiowej', '2024-04-12 15:00:00', 2, 11),
--     (30, 'EKG', '2024-04-14 16:15:00', 2, 13);
--
--
-- -- Adding medical treatments
-- INSERT INTO MEDICAL_TREATMENT (id, description, type, VISIT_ID)
-- VALUES
--     (1, 'Szczepienie przeciw grypie', 'PREVENTIVE', 2),
--     (2, 'Badanie USG jamy brzusznej', 'USG', 3),
--     (3, 'Badanie EKG z wysiłkiem', 'EKG', 7),
--     (4, 'Badanie USG tarczycy', 'USG', 6),
--     (5, 'RTG kręgosłupa', 'RTG', 11),
--     (6, 'Badanie EKG 24-godzinne', 'EKG', 10),
--     (7, 'Badanie USG serca', 'USG', 9),
--     (8, 'RTG kości ręki', 'RTG', 17),
--     (9, 'Badanie USG nerek', 'USG', 12),
--     (10, 'Badanie EKG dla dziecka', 'EKG', 13),
--     (11, 'Badanie EKG', 'EKG', 4),
--     (12, 'Badanie krwi', 'DIAGNOSTIC', 1),
--     (13, 'Badanie USG miednicy', 'USG', 15),
--     (14, 'RTG klatki piersiowej', 'RTG', 5),
--     (15, 'Badanie USG stawu barkowego', 'USG', 18),
--     (16, 'RTG stawu kolanowego', 'RTG', 14),
--     (17, 'Badanie USG tarczycy', 'USG', 6),
--     (18, 'Badanie EKG z teletransmisją', 'EKG', 16),
--     (19, 'Badanie USG jamy brzusznej', 'USG', 3),
--     (20, 'RTG kręgosłupa szyjnego', 'RTG', 20),
--     (21, 'USG nerek', 'USG', 13),
--     (22, 'RTG płuc', 'RTG', 17),
--     (23, 'Konsultacja kardiologiczna', 'DIAGNOSTIC', 19),
--     (24, 'USG wątroby', 'USG', 21),
--     (25, 'RTG czaszki', 'RTG', 23),
--     (26, 'EKG wysiłkowe', 'EKG', 25),
--     (27, 'Badanie krwi', 'DIAGNOSTIC', 27),
--     (28, 'Konsultacja okulistyczna', 'DIAGNOSTIC', 29),
--     (29, 'RTG biodra', 'RTG', 22),
--     (30, 'Badanie USG tarczycy', 'USG', 24),
--     (31, 'EKG z teletransmisją', 'EKG', 26),
--     (32, 'RTG stopy', 'RTG', 28),
--     (33, 'Badanie USG serca', 'USG', 30),
--     (34, 'RTG barku', 'RTG', 1),
--     (35, 'EKG standardowe', 'EKG', 2),
--     (36, 'Badanie USG jamy brzusznej', 'USG', 4),
--     (37, 'Badanie krwi', 'DIAGNOSTIC', 5),
--     (38, 'RTG klatki piersiowej', 'RTG', 6),
--     (39, 'Badanie EKG', 'EKG', 7),
--     (40, 'Szczepienie', 'PREVENTIVE', 8);
--
-- INSERT INTO DOCTOR_ADDRESS_MAPPING (doctor_id, address_id)
-- VALUES
--     (1, 1),
--     (2, 2),
--     (3, 3),
--     (4, 4),
--     (5, 5),
--     (6, 6),
--     (7, 7),
--     (8, 8),
--     (9, 9),
--     (10, 10),
--     (11, 11),
--     (12, 12),
--     (13, 13),
--     (14, 14),
--     (15, 15),
--     (16, 16),
--     (17, 17),
--     (18, 18),
--     (19, 19),
--     (20, 20),
--     (21, 21),
--     (22, 22),
--     (23, 23),
--     (24, 24),
--     (25, 25),
--     (26, 26),
--     (27, 27),
--     (28, 28),
--     (29, 29),
--     (30, 30);
--
-- INSERT INTO PATIENT_ADDRESS_MAPPING (patient_id, address_id)
-- VALUES
--     (1, 1),
--     (2, 2),
--     (3, 3),
--     (4, 4),
--     (5, 5),
--     (6, 6),
--     (7, 7),
--     (8, 8),
--     (9, 9),
--     (10, 10),
--     (11, 11),
--     (12, 12),
--     (13, 13),
--     (14, 14),
--     (15, 15),
--     (16, 16),
--     (17, 17),
--     (18, 18),
--     (19, 19),
--     (20, 20),
--     (21, 21),
--     (22, 22),
--     (23, 23),
--     (24, 24),
--     (25, 25),
--     (26, 26),
--     (27, 27),
--     (28, 28),
--     (29, 29),
--     (30, 30);
--

-- Clear existing data
DELETE
FROM DOCTOR_ADDRESS_MAPPING;
DELETE
FROM PATIENT_ADDRESS_MAPPING;
DELETE
FROM MEDICAL_TREATMENT;
DELETE
FROM VISIT;
DELETE
FROM PATIENT;
DELETE
FROM DOCTOR;
DELETE
FROM ADDRESS;

-- Reset auto-increment (if necessary)
ALTER TABLE ADDRESS
    ALTER COLUMN id RESTART WITH 1;
ALTER TABLE DOCTOR
    ALTER COLUMN id RESTART WITH 1;
ALTER TABLE PATIENT
    ALTER COLUMN id RESTART WITH 1;
ALTER TABLE VISIT
    ALTER COLUMN id RESTART WITH 1;
ALTER TABLE MEDICAL_TREATMENT
    ALTER COLUMN id RESTART WITH 1;

-- Insert new data
INSERT INTO ADDRESS (id, address_line1, address_line2, city, postal_code)
VALUES (1, 'ul. Zielona 10', 'apt. 8', 'Warszawa', '00-123'),
       (2, 'ul. Czarnoleska 5', NULL, 'Kraków', '31-002'),
       (3, 'ul. Łąkowa 12', NULL, 'Gdańsk', '80-987'),
       (4, 'ul. Wodna 8', NULL, 'Gdynia', '81-456'),
       (5, 'ul. Szeroka 15', NULL, 'Poznań', '61-789'),
       (6, 'ul. Biała 18', 'apt. 4', 'Wrocław', '50-234'),
       (7, 'ul. Słoneczna 3', NULL, 'Katowice', '40-654'),
       (8, 'ul. Jesienna 22', NULL, 'Łódź', '90-111'),
       (9, 'ul. Wiosenna 17', NULL, 'Szczecin', '70-222'),
       (10, 'ul. Parkowa 19', NULL, 'Gdynia', '81-321'),
       (11, 'ul. Jesionowa 6', 'apt. 1', 'Poznań', '61-654'),
       (12, 'ul. Morska 13', NULL, 'Warszawa', '01-456'),
       (13, 'ul. Lipowa 4', NULL, 'Kraków', '30-555'),
       (14, 'ul. Leśna 9', NULL, 'Gdańsk', '80-444'),
       (15, 'ul. Plażowa 20', NULL, 'Szczecin', '70-789'),
       (16, 'ul. Żeglarska 23', 'apt. 7', 'Katowice', '40-987'),
       (17, 'ul. Piaskowa 14', NULL, 'Łódź', '90-432'),
       (18, 'ul. Tęczowa 11', NULL, 'Wrocław', '50-789'),
       (19, 'ul. Górnicza 16', NULL, 'Poznań', '61-222'),
       (20, 'ul. Polna 7', NULL, 'Gdynia', '81-876'),
       (21, 'ul. Tatrzańska 45', 'apt. 2', 'Zakopane', '34-500'),
       (22, 'ul. Zielona Dolina 4', NULL, 'Kielce', '25-500'),
       (23, 'ul. Górska 8', NULL, 'Rzeszów', '35-001'),
       (24, 'ul. Widokowa 6', NULL, 'Lublin', '20-123'),
       (25, 'ul. Spacerowa 12', 'apt. 5', 'Białystok', '15-666'),
       (26, 'ul. Miodowa 7', 'apt. 3', 'Warszawa', '00-789'),
       (27, 'ul. Poziomkowa 1', NULL, 'Katowice', '40-222'),
       (28, 'ul. Bałtycka 10', NULL, 'Gdańsk', '80-321'),
       (29, 'ul. Nadmorska 2', NULL, 'Gdynia', '81-222'),
       (30, 'ul. Łąkowa 11', NULL, 'Poznań', '61-999');

-- Insert doctors
INSERT INTO DOCTOR (id, first_name, last_name, telephone_number, email, doctor_number, specialization)
VALUES (1, 'Tomasz', 'Nowak', '123456123', 'tomasz.nowak@example.com', 'D321', 'GP'),
       (2, 'Ewelina', 'Kowalska', '555666777', 'ewelina.kowalska@example.com', 'D322', 'DERMATOLOGIST'),
       (3, 'Andrzej', 'Nowak', '888999000', 'andrzej.nowak@example.com', 'D323', 'OCULIST'),
       (4, 'Katarzyna', 'Zielinska', '999888777', 'katarzyna.zielinska@example.com', 'D324', 'SURGEON'),
       (5, 'Michał', 'Kowalski', '222333444', 'michal.kowalski@example.com', 'D325', 'GP'),
       (6, 'Anna', 'Nowakowska', '333444555', 'anna.nowakowska@example.com', 'D326', 'DERMATOLOGIST'),
       (7, 'Maria', 'Kaminska', '444555666', 'maria.kaminska@example.com', 'D327', 'OCULIST'),
       (8, 'Krzysztof', 'Wojcik', '555666777', 'krzysztof.wojcik@example.com', 'D328', 'SURGEON'),
       (9, 'Magdalena', 'Zajac', '666777888', 'magdalena.zajac@example.com', 'D329', 'GP'),
       (10, 'Piotr', 'Wojciechowski', '777888999', 'piotr.wojciechowski@example.com', 'D330', 'DERMATOLOGIST'),
       (11, 'Joanna', 'Krawczyk', '888999000', 'joanna.krawczyk@example.com', 'D331', 'OCULIST'),
       (12, 'Tomasz', 'Kowal', '999000111', 'tomasz.kowal@example.com', 'D332', 'SURGEON'),
       (13, 'Marcin', 'Piotrowski', '000111222', 'marcin.piotrowski@example.com', 'D333', 'GP'),
       (14, 'Barbara', 'Dabrowska', '111222333', 'barbara.dabrowska@example.com', 'D334', 'DERMATOLOGIST'),
       (15, 'Pawel', 'Kowalczyk', '222333444', 'pawel.kowalczyk@example.com', 'D335', 'OCULIST'),
       (16, 'Marta', 'Wroblewska', '333444555', 'marta.wroblewska@example.com', 'D336', 'SURGEON'),
       (17, 'Sylwia', 'Wojcik', '444555666', 'sylwia.wojcik@example.com', 'D337', 'GP'),
       (18, 'Jacek', 'Zielinski', '555666777', 'jacek.zielinski@example.com', 'D338', 'DERMATOLOGIST'),
       (19, 'Agnieszka', 'Maj', '666777888', 'agnieszka.maj@example.com', 'D339', 'OCULIST'),
       (20, 'Karolina', 'Sikora', '777888999', 'karolina.sikora@example.com', 'D340', 'SURGEON'),
       (21, 'Ewa', 'Pawlowska', '888999000', 'ewa.pawlowska@example.com', 'D341', 'GP'),
       (22, 'Marek', 'Michalski', '999000111', 'marek.michalski@example.com', 'D342', 'DERMATOLOGIST'),
       (23, 'Tomasz', 'Krawczyk', '000111222', 'tomasz.krawczyk@example.com', 'D343', 'OCULIST'),
       (24, 'Jan', 'Król', '111222333', 'jan.krol@example.com', 'D344', 'SURGEON'),
       (25, 'Dorota', 'Stankiewicz', '222333444', 'dorota.stankiewicz@example.com', 'D345', 'GP'),
       (26, 'Rafal', 'Nowicki', '333444555', 'rafal.nowicki@example.com', 'D346', 'DERMATOLOGIST'),
       (27, 'Michal', 'Gorski', '444555666', 'michal.gorski@example.com', 'D347', 'OCULIST'),
       (28, 'Radoslaw', 'Maj', '654321987', 'radoslaw.maj@example.com', 'D348', 'DERMATOLOGIST'),
       (29, 'Anna', 'Ostrowska', '852456123', 'anna.ostrowska@example.com', 'D349', 'OCULIST'),
       (30, 'Katarzyna', 'Lewandowska', '852852852', 'katarzyna.lewandowska@example.com', 'D350', 'OCULIST');

-- Insert patients
INSERT INTO PATIENT (id, first_name, last_name, telephone_number, email, patient_number, date_of_birth, has_insurance)
VALUES (1, 'Piotr', 'Nowak', '111222444', 'piotr.nowak@example.com', 'P321', '1985-05-15', true),
       (2, 'Anna', 'Kowalska', '333444555', 'anna.kowalska@example.com', 'P322', '1990-08-20', false),
       (3, 'Jan', 'Wójcik', '444555666', 'jan.wojcik@example.com', 'P323', '1975-03-12', true),
       (4, 'Katarzyna', 'Zielińska', '555666777', 'katarzyna.zielinska@example.com', 'P324', '1982-07-25', true),
       (5, 'Michał', 'Kowalski', '666777888', 'michal.kowalski@example.com', 'P325', '1995-12-05', false),
       (6, 'Maria', 'Kamińska', '777888999', 'maria.kaminska@example.com', 'P326', '1987-11-23', true),
       (7, 'Krzysztof', 'Wójcik', '888999000', 'krzysztof.wojcik@example.com', 'P327', '1993-04-15', false),
       (8, 'Magdalena', 'Zając', '999000111', 'magdalena.zajac@example.com', 'P328', '1989-02-19', true),
       (9, 'Piotr', 'Wojciechowski', '000111222', 'piotr.wojciechowski@example.com', 'P329', '1992-06-30', false),
       (10, 'Joanna', 'Krawczyk', '111222333', 'joanna.krawczyk@example.com', 'P330', '1988-01-17', true),
       (11, 'Tomasz', 'Kowal', '222333444', 'tomasz.kowal@example.com', 'P331', '1991-05-22', true),
       (12, 'Marcin', 'Piotrowski', '333444555', 'marcin.piotrowski@example.com', 'P332', '1994-09-10', false),
       (13, 'Barbara', 'Dąbrowska', '444555666', 'barbara.dabrowska@example.com', 'P333', '1980-12-15', true),
       (14, 'Paweł', 'Kowalczyk', '555666777', 'pawel.kowalczyk@example.com', 'P334', '1996-07-28', false),
       (15, 'Marta', 'Wróblewska', '666777888', 'marta.wroblewska@example.com', 'P335', '1983-03-03', true),
       (16, 'Sylwia', 'Wójcik', '777888999', 'sylwia.wojcik@example.com', 'P336', '1997-10-20', false),
       (17, 'Jacek', 'Zieliński', '888999000', 'jacek.zielinski@example.com', 'P337', '1986-09-14', true),
       (18, 'Agnieszka', 'Maj', '999000111', 'agnieszka.maj@example.com', 'P338', '1990-06-24', false),
       (19, 'Karolina', 'Sikora', '000111222', 'karolina.sikora@example.com', 'P339', '1981-02-18', true),
       (20, 'Ewa', 'Pawłowska', '111222333', 'ewa.pawlowska@example.com', 'P340', '1993-11-11', false),
       (21, 'Marek', 'Michalski', '222333444', 'marek.michalski@example.com', 'P341', '1987-01-08', true),
       (22, 'Tomasz', 'Krawczyk', '333444555', 'tomasz.krawczyk@example.com', 'P342', '1998-08-06', false),
       (23, 'Jan', 'Król', '444555666', 'jan.krol@example.com', 'P343', '1982-12-31', true),
       (24, 'Dorota', 'Stankiewicz', '555666777', 'dorota.stankiewicz@example.com', 'P344', '1984-03-29', true),
       (25, 'Rafał', 'Nowicki', '666777888', 'rafal.nowicki@example.com', 'P345', '1995-10-02', false),
       (26, 'Michał', 'Górski', '777888999', 'michal.gorski@example.com', 'P346', '1986-04-12', true),
       (27, 'Radosław', 'Maj', '888999000', 'radoslaw.maj@example.com', 'P347', '1999-09-23', false),
       (28, 'Anna', 'Ostrowska', '999000111', 'anna.ostrowska@example.com', 'P348', '1981-11-30', true),
       (29, 'Ewelina', 'Kowalska', '000111222', 'ewelina.kowalska@example.com', 'P349', '1984-07-09', false),
       (30, 'Karolina', 'Wiśniewska', '111222333', 'karolina.wisniewska@example.com', 'P350', '1988-10-25', true);

-- Insert visits
INSERT INTO VISIT (id, description, time, PATIENT_ID, DOCTOR_ID)
VALUES (1, 'Badanie kontrolne', '2024-03-14 10:00:00', 1, 1),
       (2, 'EKG serca', '2024-03-14 11:00:00', 2, 2),
       (3, 'USG jamy brzusznej', '2024-03-15 09:00:00', 3, 3),
       (4, 'RTG klatki piersiowej', '2024-03-16 10:30:00', 4, 4),
       (5, 'USG nerek', '2024-03-17 08:00:00', 5, 5),
       (6, 'EKG wysiłkowe', '2024-03-18 12:00:00', 6, 6),
       (7, 'RTG głowy', '2024-03-19 14:00:00', 7, 7),
       (8, 'USG serca', '2024-03-20 09:30:00', 8, 8),
       (9, 'RTG nóg', '2024-03-21 13:00:00', 9, 9),
       (10, 'USG tarczycy', '2024-03-22 10:15:00', 10, 10),
       (11, 'EKG', '2024-03-23 11:45:00', 11, 11),
       (12, 'USG stawów', '2024-03-24 12:30:00', 12, 12),
       (13, 'RTG kręgosłupa', '2024-03-25 08:15:00', 13, 13),
       (14, 'USG jamy brzusznej', '2024-03-26 15:30:00', 14, 14),
       (15, 'EKG', '2024-03-27 11:00:00', 15, 15),
       (16, 'USG szyi', '2024-03-28 16:00:00', 16, 16),
       (17, 'RTG rąk', '2024-03-29 09:45:00', 17, 17),
       (18, 'USG jamy brzusznej', '2024-03-30 08:00:00', 18, 18),
       (19, 'EKG serca', '2024-03-31 10:30:00', 19, 19),
       (20, 'RTG klatki piersiowej', '2024-04-01 09:00:00', 20, 20),
       (21, 'USG tarczycy', '2024-04-02 12:00:00', 21, 21),
       (22, 'EKG', '2024-04-03 11:00:00', 22, 22),
       (23, 'USG serca', '2024-04-04 14:00:00', 23, 23),
       (24, 'RTG nóg', '2024-04-05 09:30:00', 24, 24),
       (25, 'USG szyi', '2024-04-06 10:15:00', 25, 25),
       (26, 'EKG wysiłkowe', '2024-04-07 13:00:00', 26, 26),
       (27, 'RTG głowy', '2024-04-08 12:30:00', 27, 27),
       (28, 'USG stawów', '2024-04-09 08:15:00', 28, 28),
       (29, 'EKG', '2024-04-10 15:30:00', 29, 29),
       (30, 'RTG klatki piersiowej', '2024-04-11 10:30:00', 30, 30);

-- Insert medical treatments
INSERT INTO MEDICAL_TREATMENT (id, description, type, VISIT_ID)
VALUES (1, 'USG serca', 'USG', 1),
       (2, 'EKG wysiłkowe', 'EKG', 2),
       (3, 'RTG klatki piersiowej', 'RTG', 3),
       (4, 'USG jamy brzusznej', 'USG', 4),
       (5, 'EKG serca', 'EKG', 5),
       (6, 'RTG głowy', 'RTG', 6),
       (7, 'USG tarczycy', 'USG', 7),
       (8, 'EKG wysiłkowe', 'EKG', 8),
       (9, 'RTG nóg', 'RTG', 9),
       (10, 'USG szyi', 'USG', 10),
       (11, 'EKG serca', 'EKG', 11),
       (12, 'RTG rąk', 'RTG', 12),
       (13, 'USG serca', 'USG', 13),
       (14, 'EKG serca', 'EKG', 14),
       (15, 'RTG kręgosłupa', 'RTG', 15),
       (16, 'USG jamy brzusznej', 'USG', 16),
       (17, 'EKG wysiłkowe', 'EKG', 17),
       (18, 'RTG klatki piersiowej', 'RTG', 18),
       (19, 'USG tarczycy', 'USG', 19),
       (20, 'EKG serca', 'EKG', 20),
       (21, 'RTG nóg', 'RTG', 21),
       (22, 'USG szyi', 'USG', 22),
       (23, 'EKG serca', 'EKG', 23),
       (24, 'RTG głowy', 'RTG', 24),
       (25, 'USG jamy brzusznej', 'USG', 25),
       (26, 'EKG serca', 'EKG', 26),
       (27, 'RTG klatki piersiowej', 'RTG', 27),
       (28, 'USG stawów', 'USG', 28),
       (29, 'EKG serca', 'EKG', 29),
       (30, 'RTG kręgosłupa', 'RTG', 30);

-- Map doctors to addresses
INSERT INTO DOCTOR_ADDRESS_MAPPING (doctor_id, address_id)
VALUES (1, 1),
       (2, 2),
       (3, 3),
       (4, 4),
       (5, 5),
       (6, 6),
       (7, 7),
       (8, 8),
       (9, 9),
       (10, 10),
       (11, 11),
       (12, 12),
       (13, 13),
       (14, 14),
       (15, 15),
       (16, 16),
       (17, 17),
       (18, 18),
       (19, 19),
       (20, 20),
       (21, 21),
       (22, 22),
       (23, 23),
       (24, 24),
       (25, 25),
       (26, 26),
       (27, 27),
       (28, 28),
       (29, 29),
       (30, 30);

-- Map patients to addresses
INSERT INTO PATIENT_ADDRESS_MAPPING (patient_id, address_id)
VALUES (1, 1),
       (2, 2),
       (3, 3),
       (4, 4),
       (5, 5),
       (6, 6),
       (7, 7),
       (8, 8),
       (9, 9),
       (10, 10),
       (11, 11),
       (12, 12),
       (13, 13),
       (14, 14),
       (15, 15),
       (16, 16),
       (17, 17),
       (18, 18),
       (19, 19),
       (20, 20),
       (21, 21),
       (22, 22),
       (23, 23),
       (24, 24),
       (25, 25),
       (26, 26),
       (27, 27),
       (28, 28),
       (29, 29),
       (30, 30);
