INSERT INTO ADDRESS (id, address_line1, address_line2, city, postal_code)
VALUES (1, 'ul. Zielona 10', 'apt. 8', 'Warszawa', '00-123'),
       (2, 'ul. Czarnoleska 5', NULL, 'Kraków', '31-002'),
       (3, 'ul. Łąkowa 12', NULL, 'Gdańsk', '80-987'),
       (4, 'ul. Wodna 8', NULL, 'Gdynia', '81-456'),
       (5, 'ul. Szeroka 15', NULL, 'Poznań', '61-789'),
       (6, 'ul. Biała 18', 'apt. 4', 'Wrocław', '50-234'),
       (7, 'ul. Słoneczna 3', NULL, 'Katowice', '40-654'),
       (8, 'ul. Jesienna 22', NULL, 'Łódź', '90-111'),
       (9, 'ul. Wiosenna 17', NULL, 'Szczecin', '70-222'),
       (10, 'ul. Parkowa 19', NULL, 'Gdynia', '81-321'),
       (11, 'ul. Jesionowa 6', 'apt. 1', 'Poznań', '61-654'),
       (12, 'ul. Morska 13', NULL, 'Warszawa', '01-456'),
       (13, 'ul. Lipowa 4', NULL, 'Kraków', '30-555'),
       (14, 'ul. Leśna 9', NULL, 'Gdańsk', '80-444'),
       (15, 'ul. Plażowa 20', NULL, 'Szczecin', '70-789'),
       (16, 'ul. Żeglarska 23', 'apt. 7', 'Katowice', '40-987'),
       (17, 'ul. Piaskowa 14', NULL, 'Łódź', '90-432'),
       (18, 'ul. Tęczowa 11', NULL, 'Wrocław', '50-789'),
       (19, 'ul. Górnicza 16', NULL, 'Poznań', '61-222'),
       (20, 'ul. Polna 7', NULL, 'Gdynia', '81-876'),
       (21, 'ul. Tatrzańska 45', 'apt. 2', 'Zakopane', '34-500'),
       (22, 'ul. Zielona Dolina 4', NULL, 'Kielce', '25-500'),
       (23, 'ul. Górska 8', NULL, 'Rzeszów', '35-001'),
       (24, 'ul. Widokowa 6', NULL, 'Lublin', '20-123'),
       (25, 'ul. Spacerowa 12', 'apt. 5', 'Białystok', '15-666'),
       (26, 'ul. Miodowa 7', 'apt. 3', 'Warszawa', '00-789'),
       (27, 'ul. Poziomkowa 1', NULL, 'Katowice', '40-222'),
       (28, 'ul. Bałtycka 10', NULL, 'Gdańsk', '80-321'),
       (29, 'ul. Nadmorska 2', NULL, 'Gdynia', '81-222'),
       (30, 'ul. Łąkowa 11', NULL, 'Poznań', '61-999');

INSERT INTO DOCTOR (id, first_name, last_name, telephone_number, email, doctor_number, specialization)
VALUES (1, 'Tomasz', 'Nowak', '123456123', 'tomasz.nowak@example.com', 'D321', 'GP'),
       (2, 'Ewa', 'Wiśniewska', '987654987', 'ewa.wisniewska@example.com', 'A654', 'DERMATOLOGIST'),
       (3, 'Paweł', 'Kwiatkowski', '111333111', 'pawel.kwiatkowski@example.com', 'M987', 'SURGEON'),
       (4, 'Magdalena', 'Kowalczyk', '222333222', 'magdalena.kowalczyk@example.com', 'K210', 'GP'),
       (5, 'Krzysztof', 'Lewandowski', '333444333', 'krzysztof.lewandowski@example.com', 'M543', 'DERMATOLOGIST'),
       (6, 'Katarzyna', 'Lis', '444555444', 'katarzyna.lis@example.com', 'K876', 'OCULIST'),
       (7, 'Marek', 'Zając', '555666555', 'marek.zajac@example.com', 'P109', 'SURGEON'),
       (8, 'Agnieszka', 'Kowal', '666777666', 'agnieszka.kowal@example.com', 'A432', 'GP'),
       (9, 'Grzegorz', 'Krawczyk', '777888777', 'grzegorz.krawczyk@example.com', 'T765', 'DERMATOLOGIST'),
       (10, 'Joanna', 'Mazurek', '888999888', 'joanna.mazurek@example.com', 'A098', 'OCULIST'),
       (11, 'Robert', 'Piotrowski', '999000999', 'robert.piotrowski@example.com', 'M321', 'SURGEON'),
       (12, 'Kamila', 'Witkowska', '123789123', 'kamila.witkowska@example.com', 'K876', 'GP'),
       (13, 'Rafał', 'Kaczmarek', '987123987', 'rafal.kaczmarek@example.com', 'R432', 'DERMATOLOGIST'),
       (14, 'Martyna', 'Wójcik', '555111555', 'martyna.wojcik@example.com', 'M654', 'OCULIST'),
       (15, 'Jakub', 'Nowicki', '111888111', 'jakub.nowicki@example.com', 'J987', 'SURGEON'),
       (16, 'Natalia', 'Duda', '444000444', 'natalia.duda@example.com', 'N543', 'GP'),
       (17, 'Paweł', 'Lewandowski', '777999777', 'pawel.lewandowski@example.com', 'P876', 'DERMATOLOGIST'),
       (18, 'Monika', 'Kowal', '123123456', 'monika.kowal@example.com', 'M321', 'OCULIST'),
       (19, 'Adam', 'Wojciechowski', '456789456', 'adam.wojciechowski@example.com', 'A654', 'SURGEON'),
       (20, 'Julia', 'Zając', '789123789', 'julia.zajac@example.com', 'J987', 'GP'),
       (21, 'Anna', 'Dąbrowska', '123123123', 'anna.dabrowska@example.com', 'D111', 'GP'),
       (22, 'Jacek', 'Wiśniewski', '456456456', 'jacek.wisniewski@example.com', 'A222', 'DERMATOLOGIST'),
       (23, 'Barbara', 'Kowalska', '789789789', 'barbara.kowalska@example.com', 'M333', 'SURGEON'),
       (24, 'Piotr', 'Nowicki', '321321321', 'piotr.nowicki@example.com', 'K444', 'GP'),
       (25, 'Joanna', 'Zielińska', '654654654', 'joanna.zielinska@example.com', 'M555', 'DERMATOLOGIST'),
       (26, 'Grzegorz', 'Kamiński', '987987987', 'grzegorz.kaminski@example.com', 'K666', 'OCULIST'),
       (27, 'Maria', 'Wiśniewska', '159159159', 'maria.wisniewska@example.com', 'P777', 'SURGEON'),
       (28, 'Tomasz', 'Wójcik', '753753753', 'tomasz.wojcik@example.com', 'A888', 'GP'),
       (29, 'Elżbieta', 'Kowal', '951951951', 'elzbieta.kowal@example.com', 'T999', 'DERMATOLOGIST'),
       (30, 'Katarzyna', 'Lewandowska', '852852852', 'katarzyna.lewandowska@example.com', 'A000', 'OCULIST');
INSERT INTO PATIENT (id, first_name, last_name, telephone_number, email, patient_number, date_of_birth, has_insurance)
VALUES (1, 'Piotr', 'Nowak', '111222444', 'piotr.nowak@example.com', 'P321', '1985-05-15', true),
       (2, 'Alicja', 'Kowalska', '444555777', 'alicja.kowalska@example.com', 'A654', '1990-12-20', false),
       (3, 'Katarzyna', 'Wiśniewska', '777888999', 'katarzyna.wisniewska@example.com', 'K987', '1976-03-30', true),
       (4, 'Robert', 'Wójcik', '333222444', 'robert.wojcik@example.com', 'R210', '1980-09-25', false),
       (5, 'Magdalena', 'Zając', '999888111', 'magdalena.zajac@example.com', 'M543', '1995-07-17', true),
       (6, 'Paweł', 'Nowicki', '555444666', 'pawel.nowicki@example.com', 'P876', '1982-11-10', false),
       (7, 'Monika', 'Duda', '333555999', 'monika.duda@example.com', 'M109', '1987-04-20', true),
       (8, 'Jakub', 'Piotrowski', '222333777', 'jakub.piotrowski@example.com', 'J432', '1992-01-25', false),
       (9, 'Anna', 'Lewandowska', '444555888', 'anna.lewandowska@example.com', 'A765', '1988-06-27', true),
       (10, 'Piotr', 'Mazur', '777888000', 'piotr.mazur@example.com', 'P098', '1997-08-23', false),
       (11, 'Karolina', 'Nowak', '111222555', 'karolina.nowak@example.com', 'K321', '1984-10-10', true),
       (12, 'Michał', 'Kwiatkowski', '999888444', 'michal.kwiatkowski@example.com', 'M654', '1979-02-17', false),
       (13, 'Natalia', 'Lis', '555666888', 'natalia.lis@example.com', 'N987', '1986-07-10', true),
       (14, 'Kamil', 'Dąbrowski', '777666333', 'kamil.dabrowski@example.com', 'K210', '1990-09-20', false),
       (15, 'Monika', 'Kaczmarek', '222333666', 'monika.kaczmarek@example.com', 'M543', '1983-12-20', true),
       (16, 'Tomasz', 'Wojciechowski', '444555777', 'tomasz.wojciechowski@example.com', 'T876', '1981-05-12', true),
       (17, 'Ewa', 'Kowalczyk', '111444222', 'ewa.kowalczyk@example.com', 'E321', '1978-11-30', false),
       (18, 'Grzegorz', 'Witkowski', '333666111', 'grzegorz.witkowski@example.com', 'G654', '1983-08-05', true),
       (19, 'Agnieszka', 'Piotrowska', '555111999', 'agnieszka.piotrowska@example.com', 'A987', '1991-01-11', false),
       (20, 'Tomasz', 'Zieliński', '777888111', 'tomasz.zielinski@example.com', 'T543', '1986-03-27', true),
       (21, 'Marcin', 'Kowalski', '555000555', 'marcin.kowalski@example.com', 'M321', '1990-04-14', true),
       (22, 'Beata', 'Kamińska', '666111666', 'beata.kaminska@example.com', 'B654', '1987-02-22', false),
       (23, 'Tadeusz', 'Wojciechowski', '777222777', 'tadeusz.wojciechowski@example.com', 'T987', '1965-11-11', true),
       (24, 'Aneta', 'Lis', '888333888', 'aneta.lis@example.com', 'A210', '1992-05-20', false),
       (25, 'Szymon', 'Duda', '999444999', 'szymon.duda@example.com', 'S543', '1981-08-17', true),
       (26, 'Irena', 'Zając', '111555111', 'irena.zajac@example.com', 'I876', '1979-03-25', false),
       (27, 'Radosław', 'Witkowski', '222666222', 'radoslaw.witkowski@example.com', 'R109', '1985-07-30', true),
       (28, 'Lidia', 'Kwiatkowska', '333777333', 'lidia.kwiatkowska@example.com', 'L432', '1991-09-19', false),
       (29, 'Rafał', 'Mazur', '444888444', 'rafal.mazur@example.com', 'R765', '1989-06-14', true),
       (30, 'Ewelina', 'Lewandowska', '555999555', 'ewelina.lewandowska@example.com', 'E098', '1995-11-23', false);

-- Adding visits
-- Visits for patient 1
INSERT INTO VISIT (id, description, time, PATIENT_ID, DOCTOR_ID)
VALUES
    (1, 'Badanie kontrolne', '2024-03-14 10:00:00', 1, 1),
    (3, 'Badanie USG jamy brzusznej', '2024-03-16 09:00:00', 1, 4),
    (5, 'Badanie USG serca', '2024-03-18 11:00:00', 1, 3),
    (7, 'RTG klatki piersiowej', '2024-03-20 13:30:00', 1, 2),
    (9, 'Badanie EKG', '2024-03-22 15:45:00', 1, 5);

-- Visits for patient 2
INSERT INTO VISIT (id, description, time, PATIENT_ID, DOCTOR_ID)
VALUES
    (2, 'Szczepienie', '2024-03-15 14:30:00', 2, 6),
    (4, 'Badanie EKG z wysiłkiem', '2024-03-17 08:30:00', 2, 7),
    (6, 'Badanie USG tarczycy', '2024-03-19 10:45:00', 2, 8),
    (8, 'RTG zęba', '2024-03-21 12:15:00', 2, 9),
    (10, 'Badanie EKG 24-godzinne', '2024-03-23 16:00:00', 2, 10);

-- Visits for patient 1 (continued)
INSERT INTO VISIT (id, description, time, PATIENT_ID, DOCTOR_ID)
VALUES
    (11, 'Wizyta kontrolna', '2024-03-25 09:30:00', 1, 11),
    (13, 'Badanie USG nerek', '2024-03-27 11:15:00', 1, 12),
    (15, 'Badanie EKG z wysiłkiem', '2024-03-29 14:00:00', 1, 13),
    (17, 'Badanie krwi', '2024-03-31 16:45:00', 1, 14),
    (19, 'Badanie USG stawów', '2024-04-02 10:30:00', 1, 15),
    (21, 'Kontrola po leczeniu', '2024-04-05 10:00:00', 1, 3),
    (23, 'Konsultacja dermatologiczna', '2024-04-07 09:30:00', 1, 5),
    (25, 'Badanie okulistyczne', '2024-04-09 11:15:00', 1, 6),
    (27, 'Badanie kontrolne', '2024-04-11 14:45:00', 1, 7),
    (29, 'USG jamy brzusznej', '2024-04-13 13:30:00', 1, 9);

-- Visits for patient 2 (continued)
INSERT INTO VISIT (id, description, time, PATIENT_ID, DOCTOR_ID)
VALUES
    (12, 'Badanie EKG', '2024-03-26 08:00:00', 2, 16),
    (14, 'Badanie USG tarczycy', '2024-03-28 10:00:00', 2, 17),
    (16, 'RTG klatki piersiowej', '2024-03-30 12:30:00', 2, 18),
    (18, 'Badanie kontrolne', '2024-04-01 15:00:00', 2, 19),
    (20, 'Szczepienie przeciw grypie', '2024-04-03 17:15:00', 2, 20),
    (22, 'Wizyta kontrolna', '2024-04-06 12:00:00', 2, 8),
    (24, 'Konsultacja chirurgiczna', '2024-04-08 08:30:00', 2, 10),
    (26, 'Badanie dermatologiczne', '2024-04-10 10:00:00', 2, 12),
    (28, 'RTG klatki piersiowej', '2024-04-12 15:00:00', 2, 11),
    (30, 'EKG', '2024-04-14 16:15:00', 2, 13);


-- Adding medical treatments
INSERT INTO MEDICAL_TREATMENT (id, description, type, VISIT_ID)
VALUES
    (1, 'Szczepienie przeciw grypie', 'PREVENTIVE', 2),
    (2, 'Badanie USG jamy brzusznej', 'USG', 3),
    (3, 'Badanie EKG z wysiłkiem', 'EKG', 7),
    (4, 'Badanie USG tarczycy', 'USG', 6),
    (5, 'RTG kręgosłupa', 'RTG', 11),
    (6, 'Badanie EKG 24-godzinne', 'EKG', 10),
    (7, 'Badanie USG serca', 'USG', 9),
    (8, 'RTG kości ręki', 'RTG', 17),
    (9, 'Badanie USG nerek', 'USG', 12),
    (10, 'Badanie EKG dla dziecka', 'EKG', 13),
    (11, 'Badanie EKG', 'EKG', 4),
    (12, 'Badanie krwi', 'DIAGNOSTIC', 1),
    (13, 'Badanie USG miednicy', 'USG', 15),
    (14, 'RTG klatki piersiowej', 'RTG', 5),
    (15, 'Badanie USG stawu barkowego', 'USG', 18),
    (16, 'RTG stawu kolanowego', 'RTG', 14),
    (17, 'Badanie USG tarczycy', 'USG', 6),
    (18, 'Badanie EKG z teletransmisją', 'EKG', 16),
    (19, 'Badanie USG jamy brzusznej', 'USG', 3),
    (20, 'RTG kręgosłupa szyjnego', 'RTG', 20),
    (21, 'USG nerek', 'USG', 13),
    (22, 'RTG płuc', 'RTG', 17),
    (23, 'Konsultacja kardiologiczna', 'DIAGNOSTIC', 19),
    (24, 'USG wątroby', 'USG', 21),
    (25, 'RTG czaszki', 'RTG', 23),
    (26, 'EKG wysiłkowe', 'EKG', 25),
    (27, 'Badanie krwi', 'DIAGNOSTIC', 27),
    (28, 'Konsultacja okulistyczna', 'DIAGNOSTIC', 29),
    (29, 'RTG biodra', 'RTG', 22),
    (30, 'Badanie USG tarczycy', 'USG', 24),
    (31, 'EKG z teletransmisją', 'EKG', 26),
    (32, 'RTG stopy', 'RTG', 28),
    (33, 'Badanie USG serca', 'USG', 30),
    (34, 'RTG barku', 'RTG', 1),
    (35, 'EKG standardowe', 'EKG', 2),
    (36, 'Badanie USG jamy brzusznej', 'USG', 4),
    (37, 'Badanie krwi', 'DIAGNOSTIC', 5),
    (38, 'RTG klatki piersiowej', 'RTG', 6),
    (39, 'Badanie EKG', 'EKG', 7),
    (40, 'Szczepienie', 'PREVENTIVE', 8);

INSERT INTO DOCTOR_ADDRESS_MAPPING (doctor_id, address_id)
VALUES
    (1, 1),
    (2, 2),
    (3, 3),
    (4, 4),
    (5, 5),
    (6, 6),
    (7, 7),
    (8, 8),
    (9, 9),
    (10, 10),
    (11, 11),
    (12, 12),
    (13, 13),
    (14, 14),
    (15, 15),
    (16, 16),
    (17, 17),
    (18, 18),
    (19, 19),
    (20, 20),
    (21, 21),
    (22, 22),
    (23, 23),
    (24, 24),
    (25, 25),
    (26, 26),
    (27, 27),
    (28, 28),
    (29, 29),
    (30, 30);

INSERT INTO PATIENT_ADDRESS_MAPPING (patient_id, address_id)
VALUES
    (1, 1),
    (2, 2),
    (3, 3),
    (4, 4),
    (5, 5),
    (6, 6),
    (7, 7),
    (8, 8),
    (9, 9),
    (10, 10),
    (11, 11),
    (12, 12),
    (13, 13),
    (14, 14),
    (15, 15),
    (16, 16),
    (17, 17),
    (18, 18),
    (19, 19),
    (20, 20),
    (21, 21),
    (22, 22),
    (23, 23),
    (24, 24),
    (25, 25),
    (26, 26),
    (27, 27),
    (28, 28),
    (29, 29),
    (30, 30);

